<?xml version="1.0" encoding="utf-8"?>
<extension type="component" version="3.2.0" method="upgrade">

    <name>Registration</name>
    <!-- The following elements are optional and free of formatting constraints -->
    <creationDate>July 2017</creationDate>
    <author>Mariusz Błaszczak</author>
    <authorEmail>mariusz.blaszczak@gmail.com</authorEmail>
    <authorUrl>http://blaszczakphoto.com</authorUrl>
    <copyright>Copyright Info</copyright>
    <license>License Info</license>
    <!--  The version string is recorded in the components table -->
    <version>2.0</version>
    <!-- The description is optional and defaults to the name -->
    <description>Zapisy online na wycieczki PTTK</description>

    <install> <!-- Runs on install -->
        <sql>
            <file driver="mysql" charset="utf8">sql/install.mysql.utf8.sql</file>
        </sql>
    </install>
    <uninstall> <!-- Runs on uninstall -->
        <sql>
            <file driver="mysql" charset="utf8">sql/uninstall.mysql.utf8.sql</file>
        </sql>
    </uninstall>

    <!-- Site Main File Copy Section -->
    <!-- Note the folder attribute: This attribute describes the folder
        to copy FROM in the package to install therefore files copied
        in this section are copied from /site/ in the package -->
    <files folder="site">
        <filename>index.html</filename>
        <filename>registration.php</filename>
        <filename>controller.php</filename>
        <folder>views</folder>
        <folder>models</folder>
    </files>

    <languages folder="site/language">
        <language tag="en-GB">en-GB/en-GB.com_registration.ini</language>
    </languages>

    <media destination="com_registration" folder="media">
        <filename>index.html</filename>
        <folder>images</folder>
    </media>

    <administration>
        <!-- Administration Menu Section -->
        <menu link='index.php?option=com_registration' img="../media/com_registration/images/tux-16x16.png">COM_REGISTRATION_MENU</menu>
        <!-- Administration Main File Copy Section -->
        <!-- Note the folder attribute: This attribute describes the folder
            to copy FROM in the package to install therefore files copied
            in this section are copied from /admin/ in the package -->
        <files folder="admin">
            <!-- Admin Main File Copy Section -->
            <filename>index.html</filename>
            <filename>config.xml</filename>
            <filename>registration.php</filename>
            <filename>controller.php</filename>
            <filename>access.xml</filename>
            <!-- SQL files section -->
            <folder>sql</folder>
            <!-- tables files section -->
            <folder>tables</folder>
            <!-- models files section -->
            <folder>models</folder>
            <!-- views files section -->
            <folder>views</folder>
            <!-- controllers files section -->
            <folder>controllers</folder>
            <!-- helpers files section -->
            <folder>helpers</folder>
        </files>
        <languages folder="admin/language">
            <language tag="en-GB">en-GB/en-GB.com_registration.ini</language>
            <language tag="en-GB">en-GB/en-GB.com_registration.sys.ini</language>
        </languages>
    </administration>

</extension>